indicator,last,previous,unit,date,fetched_at,source
Currency,9.98,9.96,nan,Oct/26,2026-10-07T15:21:39.870906+00:00,https://tradingeconomics.com/morocco/indicators
Stock Market,17132.0,16893.0,points,Oct/26,2026-10-07T15:21:39.870906+00:00,https://tradingeconomics.com/morocco/indicators
GDP Annual Growth Rate,4.0,4.6,percent,Jun/26,2026-10-07T15:21:39.870906+00:00,https://tradingeconomics.com/morocco/indicators
Unemployment Rate,9.5,10.8,percent,Jun/26,2026-10-07T15:21:39.870906+00:00,https://tradingeconomics.com/morocco/indicators
Inflation Rate,-0.3,-0.6,percent,Aug/26,2026-10-07T15:21:39.870906+00:00,https://tradingeconomics.com/morocco/indicators
Interest Rate,2.25,2.25,percent,Sep/26,2026-10-07T15:21:39.870906+00:00,https://tradingeconomics.com/morocco/indicators
Balance of Trade,-37920.0,-46315.0,MAD Million,Aug/26,2026-10-07T15:21:39.870906+00:00,https://tradingeconomics.com/morocco/indicators
Current Account,-5028.0,-13390.0,MAD Million,Mar/26,2026-10-07T15:21:39.870906+00:00,https://tradingeconomics.com/morocco/indicators
Current Account to GDP,-2.4,-1.6,percent of GDP,Dec/25,2026-10-07T15:21:39.870906+00:00,https://tradingeconomics.com/morocco/indicators
Government Debt to GDP,67.1,67.7,percent of GDP,Dec/25,2026-10-07T15:21:39.870906+00:00,https://tradingeconomics.com/morocco/indicators
Government Budget,-3.6,-3.9,percent of GDP,Dec/25,2026-10-07T15:21:39.870906+00:00,https://tradingeconomics.com/morocco/indicators
Consumer Confidence,60.1,64.4,points,Jun/26,2026-10-07T15:21:39.870906+00:00,https://tradingeconomics.com/morocco/indicators
Corporate Tax Rate,35.0,33.0,percent,Dec/26,2026-10-07T15:21:39.870906+00:00,https://tradingeconomics.com/morocco/indicators
Personal Income Tax Rate,38.0,38.0,percent,Dec/26,2026-10-07T15:21:39.870906+00:00,https://tradingeconomics.com/morocco/indicators
GDP,182.0,161.0,USD Billion,Dec/25,2026-10-07T15:21:39.870906+00:00,https://tradingeconomics.com/morocco/indicators
GDP Constant Prices,350273.0,347396.0,MAD Million,Jun/26,2026-10-07T15:21:39.870906+00:00,https://tradingeconomics.com/morocco/indicators
Gross Fixed Capital Formation,481964.0,418304.0,MAD Million,Dec/25,2026-10-07T15:21:39.870906+00:00,https://tradingeconomics.com/morocco/indicators
GDP per Capita,3644.0,3516.0,USD,Dec/25,2026-10-07T15:21:39.870906+00:00,https://tradingeconomics.com/morocco/indicators
Full Year GDP Growth,4.9,4.4,percent,Dec/25,2026-10-07T15:21:39.870906+00:00,https://tradingeconomics.com/morocco/indicators
GDP from Agriculture,34015.0,33406.0,MAD Million,Jun/26,2026-10-07T15:21:39.870906+00:00,https://tradingeconomics.com/morocco/indicators
GDP from Construction,17864.0,17342.0,MAD Million,Jun/26,2026-10-07T15:21:39.870906+00:00,https://tradingeconomics.com/morocco/indicators
GDP from Manufacturing,45712.0,45476.0,MAD Million,Jun/26,2026-10-07T15:21:39.870906+00:00,https://tradingeconomics.com/morocco/indicators
GDP from Mining,4728.0,6119.0,MAD Million,Jun/26,2026-10-07T15:21:39.870906+00:00,https://tradingeconomics.com/morocco/indicators
GDP from Public Administration,37032.0,36757.0,MAD Million,Jun/26,2026-10-07T15:21:39.870906+00:00,https://tradingeconomics.com/morocco/indicators
GDP from Services,199156.0,196440.0,MAD Million,Jun/26,2026-10-07T15:21:39.870906+00:00,https://tradingeconomics.com/morocco/indicators
GDP from Transport,9856.0,9797.0,MAD Million,Jun/26,2026-10-07T15:21:39.870906+00:00,https://tradingeconomics.com/morocco/indicators
GDP from Utilities,7925.0,7595.0,MAD Million,Jun/26,2026-10-07T15:21:39.870906+00:00,https://tradingeconomics.com/morocco/indicators
Employed Persons,10643.0,10364.0,Thousand,Jun/26,2026-10-07T15:21:39.870906+00:00,https://tradingeconomics.com/morocco/indicators
Unemployed Persons,1121.0,1253.0,Thousand,Jun/26,2026-10-07T15:21:39.870906+00:00,https://tradingeconomics.com/morocco/indicators
Population,37.71,37.37,Million,Dec/25,2026-10-07T15:21:39.870906+00:00,https://tradingeconomics.com/morocco/indicators
Minimum Wages,3423.0,3045.0,MAD/Month,Jan/26,2026-10-07T15:21:39.870906+00:00,https://tradingeconomics.com/morocco/indicators
Employment Rate,38.2,37.3,percent,Jun/26,2026-10-07T15:21:39.870906+00:00,https://tradingeconomics.com/morocco/indicators
Youth Unemployment Rate,22.9,23.4,percent,Jun/26,2026-10-07T15:21:39.870906+00:00,https://tradingeconomics.com/morocco/indicators
Consumer Price Index CPI,120.0,119.0,points,Aug/26,2026-10-07T15:21:39.870906+00:00,https://tradingeconomics.com/morocco/indicators
Producer Prices,119.0,118.0,points,Aug/26,2026-10-07T15:21:39.870906+00:00,https://tradingeconomics.com/morocco/indicators
Food Inflation,-3.9,-3.7,percent,Aug/26,2026-10-07T15:21:39.870906+00:00,https://tradingeconomics.com/morocco/indicators
CPI Clothing,118.0,118.0,Points,Aug/26,2026-10-07T15:21:39.870906+00:00,https://tradingeconomics.com/morocco/indicators
CPI Education,124.0,124.0,points,Aug/26,2026-10-07T15:21:39.870906+00:00,https://tradingeconomics.com/morocco/indicators
CPI Food,127.0,126.0,Points,Aug/26,2026-10-07T15:21:39.870906+00:00,https://tradingeconomics.com/morocco/indicators
CPI Recreation and Culture,105.0,105.0,points,Aug/26,2026-10-07T15:21:39.870906+00:00,https://tradingeconomics.com/morocco/indicators
CPI Restaurants and Hotels,125.0,125.0,points,Aug/26,2026-10-07T15:21:39.870906+00:00,https://tradingeconomics.com/morocco/indicators
Core Inflation Rate,0.1,-0.1,percent,Aug/26,2026-10-07T15:21:39.870906+00:00,https://tradingeconomics.com/morocco/indicators
CPI Housing Utilities,111.0,111.0,points,Aug/26,2026-10-07T15:21:39.870906+00:00,https://tradingeconomics.com/morocco/indicators
CPI Transportation,126.0,122.0,points,Aug/26,2026-10-07T15:21:39.870906+00:00,https://tradingeconomics.com/morocco/indicators
Inflation Rate MoM,0.8,-1.0,percent,Aug/26,2026-10-07T15:21:39.870906+00:00,https://tradingeconomics.com/morocco/indicators
Money Supply M1,1669033.0,1657500.0,MAD Million,Aug/26,2026-10-07T15:21:39.870906+00:00,https://tradingeconomics.com/morocco/indicators
Money Supply M2,1868710.0,1857021.0,MAD Million,Aug/26,2026-10-07T15:21:39.870906+00:00,https://tradingeconomics.com/morocco/indicators
Money Supply M3,2215675.0,2191120.0,MAD Million,Aug/26,2026-10-07T15:21:39.870906+00:00,https://tradingeconomics.com/morocco/indicators
Banks Balance Sheet,2170350.0,2171189.0,MAD Million,Aug/26,2026-10-07T15:21:39.870906+00:00,https://tradingeconomics.com/morocco/indicators
Foreign Exchange Reserves,500065.0,496761.0,MAD Million,Aug/26,2026-10-07T15:21:39.870906+00:00,https://tradingeconomics.com/morocco/indicators
Deposit Interest Rate,2.68,2.85,percent,Dec/25,2026-10-07T15:21:39.870906+00:00,https://tradingeconomics.com/morocco/indicators
Central Bank Balance Sheet,667460.0,660030.0,MAD Million,Aug/26,2026-10-07T15:21:39.870906+00:00,https://tradingeconomics.com/morocco/indicators
Exports,35543.0,38952.0,MAD Million,Aug/26,2026-10-07T15:21:39.870906+00:00,https://tradingeconomics.com/morocco/indicators
Imports,73463.0,85267.0,MAD Million,Aug/26,2026-10-07T15:21:39.870906+00:00,https://tradingeconomics.com/morocco/indicators
Capital Flows,2074.0,-10880.0,MAD Million,Mar/26,2026-10-07T15:21:39.870906+00:00,https://tradingeconomics.com/morocco/indicators
Tourist Arrivals,19800000.0,17411949.0,nan,Dec/25,2026-10-07T15:21:39.870906+00:00,https://tradingeconomics.com/morocco/indicators
Gold Reserves,22.12,22.12,Tonnes,Jun/26,2026-10-07T15:21:39.870906+00:00,https://tradingeconomics.com/morocco/indicators
Foreign Direct Investment,14045.0,8961.0,MAD Million,Mar/26,2026-10-07T15:21:39.870906+00:00,https://tradingeconomics.com/morocco/indicators
Terrorism Index,0.0,0.0,Points,Dec/25,2026-10-07T15:21:39.870906+00:00,https://tradingeconomics.com/morocco/indicators
Government Spending,314588.0,293457.0,MAD Million,Dec/25,2026-10-07T15:21:39.870906+00:00,https://tradingeconomics.com/morocco/indicators
Corruption Index,39.0,37.0,Points,Dec/25,2026-10-07T15:21:39.870906+00:00,https://tradingeconomics.com/morocco/indicators
Corruption Rank,91.0,99.0,nan,Dec/25,2026-10-07T15:21:39.870906+00:00,https://tradingeconomics.com/morocco/indicators
Credit Rating,51.0,,nan,Oct/26,2026-10-07T15:21:39.870906+00:00,https://tradingeconomics.com/morocco/indicators
Military Expenditure,6331.0,5517.0,USD Million,Dec/25,2026-10-07T15:21:39.870906+00:00,https://tradingeconomics.com/morocco/indicators
Sales Tax Rate,20.0,20.0,percent,Dec/26,2026-10-07T15:21:39.870906+00:00,https://tradingeconomics.com/morocco/indicators
Social Security Rate,27.83,27.83,percent,Dec/26,2026-10-07T15:21:39.870906+00:00,https://tradingeconomics.com/morocco/indicators
Social Security Rate For Employees,6.74,6.74,percent,Dec/26,2026-10-07T15:21:39.870906+00:00,https://tradingeconomics.com/morocco/indicators
Social Security Rate For Companies,21.09,21.09,percent,Dec/26,2026-10-07T15:21:39.870906+00:00,https://tradingeconomics.com/morocco/indicators
Industrial Production,-4.5,-1.4,percent,Jun/26,2026-10-07T15:21:39.870906+00:00,https://tradingeconomics.com/morocco/indicators
Changes in Inventories,93200.0,72936.0,MAD Million,Dec/25,2026-10-07T15:21:39.870906+00:00,https://tradingeconomics.com/morocco/indicators
Mining Production,-28.8,-2.0,percent,Jun/26,2026-10-07T15:21:39.870906+00:00,https://tradingeconomics.com/morocco/indicators
Consumer Spending,967767.0,944065.0,MAD Million,Dec/25,2026-10-07T15:21:39.870906+00:00,https://tradingeconomics.com/morocco/indicators
Personal Savings,31.4,32.7,percent,Mar/26,2026-10-07T15:21:39.870906+00:00,https://tradingeconomics.com/morocco/indicators
